{"cameraMode":{"drawMode":0,"name":"Shaded","section":"Shading Mode"},"sceneLighting":true,"audioPlay":false,"sceneViewState":{"showFog":true,"showMaterialUpdate":false,"showSkybox":true,"showFlares":true,"showImageEffects":true,"showParticleSystems":true},"in2DMode":false,"pivot":{"x":-0.024578332901000978,"y":0.4172905683517456,"z":-0.5175350904464722},"rotation":{"x":-0.06223972141742706,"y":0.8684934973716736,"z":-0.11293496191501618,"w":-0.47864004969596865},"size":7.757086753845215,"orthographic":false}